,RMSE,MAE,R2
CatBoost,30.403974319741565,25.63346311681337,-0.14316501378394575
LightGBM,30.96695849944817,25.965824489011393,-0.18589247867016012
RandomForest,29.5086375805638,25.023129916666665,-0.07682846560537615
GradientBoosting,29.715418304566672,25.438304799509265,-0.09197301682062009
XGBoost,33.83034166895583,28.05379735279083,-0.41534064398598547
