,RMSE,MAE,R2
CatBoost,4.6640472649551725,1.9602618155732454,0.973098648681468
LightGBM,3.536035674376366,1.6425336820478433,0.9845374368541745
RandomForest,4.758870949013191,1.9024740317716369,0.9719936787591862
GradientBoosting,4.296563981106161,2.149019533201961,0.9771707955676738
XGBoost,4.000288140562437,1.5325517820954322,0.9802106850789816
